"locationid","Applicant","FacilityType","cnn","LocationDescription","Address","blocklot","block","lot","permit","Status","FoodItems","X","Y","Latitude","Longitude","Schedule","dayshours","NOISent","Approved","Received","PriorPermit","ExpirationDate","Location","Fire Prevention Districts","Police Districts","Supervisor Districts","Zip Codes","Neighborhoods (old)","DayOrder","DayOfWeekStr","starttime","endtime","PermitLocation","locationdesc","optionaltext","scheduleid","start24","end24","Addr_Date_Create","Addr_Date_Modified","ColdTruck"
"System.Collections.ObjectModel.Collection`1[System.Management.Automation.PSObject]","System.Collections.ObjectModel.Collection`1[System.Management.Automation.PSObject]","Truck","System.Collections.ObjectModel.Collection`1[System.Management.Automation.PSObject]","RANKIN ST: DAVIDSON AVE to EVANS AVE (200 - 299)","220 RANKIN ST","5228001","System.Collections.ObjectModel.Collection`1[System.Management.Automation.PSObject]","System.Collections.ObjectModel.Collection`1[System.Management.Automation.PSObject]","23MFF-00025","APPROVED","Tacos: Burritos: Quesadillas: Tortas","System.Collections.ObjectModel.Collection`1[System.Management.Automation.PSObject]","System.Collections.ObjectModel.Collection`1[System.Management.Automation.PSObject]","System.Collections.ObjectModel.Collection`1[System.Management.Automation.PSObject]","System.Collections.ObjectModel.Collection`1[System.Management.Automation.PSObject]","http://bsm.sfdpw.org/PermitsTracker/reports/report.aspx?title=schedule&report=rptSchedule&params=permit=23MFF-00025&ExportPDF=1&Filename=23MFF-00025_schedule.pdf","","","10/18/2023 12:00:00 AM","20231013","0","11/15/2024 12:00:00 AM","System.Collections.ObjectModel.Collection`1[System.Management.Automation.PSObject]","10","3","8","58","1","2","Tuesday","9AM","5PM","220 RANKIN ST","On the northwest side of Rankin St, approximately 82 feet northeast of Evans Ave.","Tacos, Burritos, Quesadillas, Tortas","","09:00","17:00","10/16/2020 11:21:45 AM","10/19/2020 04:58:16 PM","N"
"System.Collections.ObjectModel.Collection`1[System.Management.Automation.PSObject]","System.Collections.ObjectModel.Collection`1[System.Management.Automation.PSObject]","Truck","System.Collections.ObjectModel.Collection`1[System.Management.Automation.PSObject]","EVANS AVE: PHELPS ST to QUINT ST (1600 - 1699)","750 PHELPS ST","5280001","System.Collections.ObjectModel.Collection`1[System.Management.Automation.PSObject]","System.Collections.ObjectModel.Collection`1[System.Management.Automation.PSObject]","23MFF-00025","APPROVED","Tacos: Burritos: Quesadillas: Tortas","System.Collections.ObjectModel.Collection`1[System.Management.Automation.PSObject]","System.Collections.ObjectModel.Collection`1[System.Management.Automation.PSObject]","System.Collections.ObjectModel.Collection`1[System.Management.Automation.PSObject]","System.Collections.ObjectModel.Collection`1[System.Management.Automation.PSObject]","http://bsm.sfdpw.org/PermitsTracker/reports/report.aspx?title=schedule&report=rptSchedule&params=permit=23MFF-00025&ExportPDF=1&Filename=23MFF-00025_schedule.pdf","","","10/18/2023 12:00:00 AM","20231013","0","11/15/2024 12:00:00 AM","System.Collections.ObjectModel.Collection`1[System.Management.Automation.PSObject]","10","3","8","58","1","2","Tuesday","9AM","5PM","220 RANKIN ST","On the northwest side of Rankin St, approximately 82 feet northeast of Evans Ave.","Tacos, Burritos, Quesadillas, Tortas","","09:00","17:00","10/16/2020 11:21:45 AM","10/19/2020 04:58:16 PM","N"
"System.Collections.ObjectModel.Collection`1[System.Management.Automation.PSObject]","System.Collections.ObjectModel.Collection`1[System.Management.Automation.PSObject]","Truck","System.Collections.ObjectModel.Collection`1[System.Management.Automation.PSObject]","MONTGOMERY ST: COLUMBUS AVE \ WASHINGTON ST to JACKSON ST (700 - 799)","735 MONTGOMERY ST","0195001","System.Collections.ObjectModel.Collection`1[System.Management.Automation.PSObject]","System.Collections.ObjectModel.Collection`1[System.Management.Automation.PSObject]","23MFF-00045","APPROVED","Hot coffee: iced coffee: hot chocolate: tea: pastries","System.Collections.ObjectModel.Collection`1[System.Management.Automation.PSObject]","System.Collections.ObjectModel.Collection`1[System.Management.Automation.PSObject]","System.Collections.ObjectModel.Collection`1[System.Management.Automation.PSObject]","System.Collections.ObjectModel.Collection`1[System.Management.Automation.PSObject]","http://bsm.sfdpw.org/PermitsTracker/reports/report.aspx?title=schedule&report=rptSchedule&params=permit=23MFF-00045&ExportPDF=1&Filename=23MFF-00045_schedule.pdf","","","11/15/2023 12:00:00 AM","20231115","0","11/15/2024 12:00:00 AM","System.Collections.ObjectModel.Collection`1[System.Management.Automation.PSObject]","3","1","10","28860","4","2","Tuesday","6AM","6PM","735 MONTGOMERY ST","On Montgomery St. approximately 87' from Jackson St. intersection","Hot coffee, iced coffee, hot chocolate, tea, pastries","","06:00","18:00","08/12/2014 02:01:26 PM","08/21/2014 08:24:05 AM","N"
"System.Collections.ObjectModel.Collection`1[System.Management.Automation.PSObject]","System.Collections.ObjectModel.Collection`1[System.Management.Automation.PSObject]","Truck","System.Collections.ObjectModel.Collection`1[System.Management.Automation.PSObject]","PINE ST: BATTERY ST to SANSOME ST (200 - 299)","250 PINE ST","0261007","System.Collections.ObjectModel.Collection`1[System.Management.Automation.PSObject]","System.Collections.ObjectModel.Collection`1[System.Management.Automation.PSObject]","23MFF-00045","APPROVED","Hot coffee: iced coffee: hot chocolate: tea: pastries","System.Collections.ObjectModel.Collection`1[System.Management.Automation.PSObject]","System.Collections.ObjectModel.Collection`1[System.Management.Automation.PSObject]","System.Collections.ObjectModel.Collection`1[System.Management.Automation.PSObject]","System.Collections.ObjectModel.Collection`1[System.Management.Automation.PSObject]","http://bsm.sfdpw.org/PermitsTracker/reports/report.aspx?title=schedule&report=rptSchedule&params=permit=23MFF-00045&ExportPDF=1&Filename=23MFF-00045_schedule.pdf","","","11/15/2023 12:00:00 AM","20231115","0","11/15/2024 12:00:00 AM","System.Collections.ObjectModel.Collection`1[System.Management.Automation.PSObject]","4","1","10","28854","6","2","Tuesday","6AM","6PM","735 MONTGOMERY ST","On Montgomery St. approximately 87' from Jackson St. intersection","Hot coffee, iced coffee, hot chocolate, tea, pastries","","06:00","18:00","08/12/2014 02:01:26 PM","08/21/2014 08:24:05 AM","N"
"System.Collections.ObjectModel.Collection`1[System.Management.Automation.PSObject]","System.Collections.ObjectModel.Collection`1[System.Management.Automation.PSObject]","Truck","System.Collections.ObjectModel.Collection`1[System.Management.Automation.PSObject]","MISSISSIPPI ST: 07TH ST \ 16TH ST to 17TH ST (1 - 99)","901 16TH ST","3949001","System.Collections.ObjectModel.Collection`1[System.Management.Automation.PSObject]","System.Collections.ObjectModel.Collection`1[System.Management.Automation.PSObject]","23MFF-00026","APPROVED","Tacos burritos quesadillas tortas pupusas flautas tamales","System.Collections.ObjectModel.Collection`1[System.Management.Automation.PSObject]","System.Collections.ObjectModel.Collection`1[System.Management.Automation.PSObject]","System.Collections.ObjectModel.Collection`1[System.Management.Automation.PSObject]","System.Collections.ObjectModel.Collection`1[System.Management.Automation.PSObject]","http://bsm.sfdpw.org/PermitsTracker/reports/report.aspx?title=schedule&report=rptSchedule&params=permit=23MFF-00026&ExportPDF=1&Filename=23MFF-00026_schedule.pdf","","","10/18/2023 12:00:00 AM","20231013","0","11/15/2024 12:00:00 AM","System.Collections.ObjectModel.Collection`1[System.Management.Automation.PSObject]","14","3","8","28856","20","2","Tuesday","8AM","5PM","901 16TH ST","Truck located on the west side of Mississippi Street, 100ft south of 16th Street","Tacos burritos quesadillas tortas pupusas flautas tamales","","08:00","17:00","03/21/2018 01:45:58 PM","03/21/2018 01:46:18 PM","N"
"System.Collections.ObjectModel.Collection`1[System.Management.Automation.PSObject]","System.Collections.ObjectModel.Collection`1[System.Management.Automation.PSObject]","Truck","System.Collections.ObjectModel.Collection`1[System.Management.Automation.PSObject]","MISSION ST: 14TH ST to 15TH ST (1800 - 1899)","1800 MISSION ST","3547001","System.Collections.ObjectModel.Collection`1[System.Management.Automation.PSObject]","System.Collections.ObjectModel.Collection`1[System.Management.Automation.PSObject]","23MFF-00052","APPROVED","Tacos: Burritos: Quesadillas: Various Drinks","System.Collections.ObjectModel.Collection`1[System.Management.Automation.PSObject]","System.Collections.ObjectModel.Collection`1[System.Management.Automation.PSObject]","System.Collections.ObjectModel.Collection`1[System.Management.Automation.PSObject]","System.Collections.ObjectModel.Collection`1[System.Management.Automation.PSObject]","http://bsm.sfdpw.org/PermitsTracker/reports/report.aspx?title=schedule&report=rptSchedule&params=permit=23MFF-00052&ExportPDF=1&Filename=23MFF-00052_schedule.pdf","","","11/30/2023 12:00:00 AM","20231130","0","11/15/2024 12:00:00 AM","System.Collections.ObjectModel.Collection`1[System.Management.Automation.PSObject]","8","4","7","28853","19","2","Tuesday","8AM","5PM","1800 MISSION ST","Truck located on Mission St. approximately 48 feet south of the existing bus stop on the corner of Mission & 14th St.","Tacos, Burritos, Quesadillas, Various Drinks","","08:00","17:00","11/08/2017 09:41:19 AM","","N"
"System.Collections.ObjectModel.Collection`1[System.Management.Automation.PSObject]","System.Collections.ObjectModel.Collection`1[System.Management.Automation.PSObject]","Truck","System.Collections.ObjectModel.Collection`1[System.Management.Automation.PSObject]","MISSION ST: 14TH ST to 15TH ST (1800 - 1899)","1888 MISSION ST","3547003","System.Collections.ObjectModel.Collection`1[System.Management.Automation.PSObject]","System.Collections.ObjectModel.Collection`1[System.Management.Automation.PSObject]","23MFF-00052","APPROVED","Tacos: Burritos: Quesadillas: Various Drinks","System.Collections.ObjectModel.Collection`1[System.Management.Automation.PSObject]","System.Collections.ObjectModel.Collection`1[System.Management.Automation.PSObject]","System.Collections.ObjectModel.Collection`1[System.Management.Automation.PSObject]","System.Collections.ObjectModel.Collection`1[System.Management.Automation.PSObject]","http://bsm.sfdpw.org/PermitsTracker/reports/report.aspx?title=schedule&report=rptSchedule&params=permit=23MFF-00052&ExportPDF=1&Filename=23MFF-00052_schedule.pdf","","","11/30/2023 12:00:00 AM","20231130","0","11/15/2024 12:00:00 AM","System.Collections.ObjectModel.Collection`1[System.Management.Automation.PSObject]","8","4","7","28853","19","2","Tuesday","8AM","5PM","1800 MISSION ST","Truck located on Mission St. approximately 48 feet south of the existing bus stop on the corner of Mission & 14th St.","Tacos, Burritos, Quesadillas, Various Drinks","","08:00","17:00","11/08/2017 09:41:19 AM","","N"
"System.Collections.ObjectModel.Collection`1[System.Management.Automation.PSObject]","System.Collections.ObjectModel.Collection`1[System.Management.Automation.PSObject]","Truck","System.Collections.ObjectModel.Collection`1[System.Management.Automation.PSObject]","CALIFORNIA ST: SANSOME ST to LEIDESDORFF ST (400 - 448)","401 CALIFORNIA ST","0260001","System.Collections.ObjectModel.Collection`1[System.Management.Automation.PSObject]","System.Collections.ObjectModel.Collection`1[System.Management.Automation.PSObject]","23MFF-00045","APPROVED","Hot coffee: iced coffee: hot chocolate: tea: pastries","System.Collections.ObjectModel.Collection`1[System.Management.Automation.PSObject]","System.Collections.ObjectModel.Collection`1[System.Management.Automation.PSObject]","System.Collections.ObjectModel.Collection`1[System.Management.Automation.PSObject]","System.Collections.ObjectModel.Collection`1[System.Management.Automation.PSObject]","http://bsm.sfdpw.org/PermitsTracker/reports/report.aspx?title=schedule&report=rptSchedule&params=permit=23MFF-00045&ExportPDF=1&Filename=23MFF-00045_schedule.pdf","","","11/15/2023 12:00:00 AM","20231115","0","11/15/2024 12:00:00 AM","System.Collections.ObjectModel.Collection`1[System.Management.Automation.PSObject]","4","1","10","28854","6","2","Tuesday","6AM","6PM","735 MONTGOMERY ST","On Montgomery St. approximately 87' from Jackson St. intersection","Hot coffee, iced coffee, hot chocolate, tea, pastries","","06:00","18:00","08/12/2014 02:01:26 PM","08/21/2014 08:24:05 AM","N"
"System.Collections.ObjectModel.Collection`1[System.Management.Automation.PSObject]","System.Collections.ObjectModel.Collection`1[System.Management.Automation.PSObject]","Truck","System.Collections.ObjectModel.Collection`1[System.Management.Automation.PSObject]","02ND ST: STILLMAN ST to BRYANT ST (454 - 499)","490 02ND ST","3763007","System.Collections.ObjectModel.Collection`1[System.Management.Automation.PSObject]","System.Collections.ObjectModel.Collection`1[System.Management.Automation.PSObject]","23MFF-00035","APPROVED","Peruvian Food Served Hot","System.Collections.ObjectModel.Collection`1[System.Management.Automation.PSObject]","System.Collections.ObjectModel.Collection`1[System.Management.Automation.PSObject]","System.Collections.ObjectModel.Collection`1[System.Management.Automation.PSObject]","System.Collections.ObjectModel.Collection`1[System.Management.Automation.PSObject]","http://bsm.sfdpw.org/PermitsTracker/reports/report.aspx?title=schedule&report=rptSchedule&params=permit=23MFF-00035&ExportPDF=1&Filename=23MFF-00035_schedule.pdf","","","11/15/2023 12:00:00 AM","20231103","0","11/15/2024 12:00:00 AM","System.Collections.ObjectModel.Collection`1[System.Management.Automation.PSObject]","6","2","9","28856","6","2","Tuesday","7AM","8PM","490 02ND ST","Mobile Food Truck located approximately 20 ft west of the intersection of 02nd St and Bryant St on the south side of 02nd St","Peruvian Food Served Hot","","07:00","20:00","12/05/2016 09:09:50 AM","12/05/2016 09:47:50 AM","N"
"System.Collections.ObjectModel.Collection`1[System.Management.Automation.PSObject]","System.Collections.ObjectModel.Collection`1[System.Management.Automation.PSObject]","Truck","System.Collections.ObjectModel.Collection`1[System.Management.Automation.PSObject]","MARINA BLVD: LAGUNA ST to BEACH ST \ BUCHANAN ST \ LOWER FORT MASON ST (1 - 99)","15 MARINA BLVD","0446002","System.Collections.ObjectModel.Collection`1[System.Management.Automation.PSObject]","System.Collections.ObjectModel.Collection`1[System.Management.Automation.PSObject]","23MFF-00045","APPROVED","Hot coffee: iced coffee: hot chocolate: tea: pastries","System.Collections.ObjectModel.Collection`1[System.Management.Automation.PSObject]","System.Collections.ObjectModel.Collection`1[System.Management.Automation.PSObject]","System.Collections.ObjectModel.Collection`1[System.Management.Automation.PSObject]","System.Collections.ObjectModel.Collection`1[System.Management.Automation.PSObject]","http://bsm.sfdpw.org/PermitsTracker/reports/report.aspx?title=schedule&report=rptSchedule&params=permit=23MFF-00045&ExportPDF=1&Filename=23MFF-00045_schedule.pdf","","","11/15/2023 12:00:00 AM","20231115","0","11/15/2024 12:00:00 AM","System.Collections.ObjectModel.Collection`1[System.Management.Automation.PSObject]","13","9","1","57","17","2","Tuesday","6AM","6PM","735 MONTGOMERY ST","On Montgomery St. approximately 87' from Jackson St. intersection","Hot coffee, iced coffee, hot chocolate, tea, pastries","","06:00","18:00","08/12/2014 02:01:26 PM","08/21/2014 08:24:05 AM","N"
"System.Collections.ObjectModel.Collection`1[System.Management.Automation.PSObject]","System.Collections.ObjectModel.Collection`1[System.Management.Automation.PSObject]","Truck","System.Collections.ObjectModel.Collection`1[System.Management.Automation.PSObject]","SUTTER ST: POWELL ST to MASON ST (500 - 599)","556 SUTTER ST","0284009","System.Collections.ObjectModel.Collection`1[System.Management.Automation.PSObject]","System.Collections.ObjectModel.Collection`1[System.Management.Automation.PSObject]","23MFF-00045","APPROVED","Hot coffee: iced coffee: hot chocolate: tea: pastries","System.Collections.ObjectModel.Collection`1[System.Management.Automation.PSObject]","System.Collections.ObjectModel.Collection`1[System.Management.Automation.PSObject]","System.Collections.ObjectModel.Collection`1[System.Management.Automation.PSObject]","System.Collections.ObjectModel.Collection`1[System.Management.Automation.PSObject]","http://bsm.sfdpw.org/PermitsTracker/reports/report.aspx?title=schedule&report=rptSchedule&params=permit=23MFF-00045&ExportPDF=1&Filename=23MFF-00045_schedule.pdf","","","11/15/2023 12:00:00 AM","20231115","0","11/15/2024 12:00:00 AM","System.Collections.ObjectModel.Collection`1[System.Management.Automation.PSObject]","5","1","10","28857","21","2","Tuesday","6AM","6PM","735 MONTGOMERY ST","On Montgomery St. approximately 87' from Jackson St. intersection","Hot coffee, iced coffee, hot chocolate, tea, pastries","","06:00","18:00","08/12/2014 02:01:26 PM","08/21/2014 08:24:05 AM","N"
"System.Collections.ObjectModel.Collection`1[System.Management.Automation.PSObject]","System.Collections.ObjectModel.Collection`1[System.Management.Automation.PSObject]","Truck","System.Collections.ObjectModel.Collection`1[System.Management.Automation.PSObject]","CAPITOL AVE: DE MONTFORT AVE to OCEAN AVE (1200 - 1299)","1271 CAPITOL AVE","6935001","System.Collections.ObjectModel.Collection`1[System.Management.Automation.PSObject]","System.Collections.ObjectModel.Collection`1[System.Management.Automation.PSObject]","23MFF-00047","APPROVED","Tacos: Burritos: Quesadillas: Tortas: Nachos: Hot Dogs:Soda: Water: Fruit Drinks","System.Collections.ObjectModel.Collection`1[System.Management.Automation.PSObject]","System.Collections.ObjectModel.Collection`1[System.Management.Automation.PSObject]","System.Collections.ObjectModel.Collection`1[System.Management.Automation.PSObject]","System.Collections.ObjectModel.Collection`1[System.Management.Automation.PSObject]","http://bsm.sfdpw.org/PermitsTracker/reports/report.aspx?title=schedule&report=rptSchedule&params=permit=23MFF-00047&ExportPDF=1&Filename=23MFF-00047_schedule.pdf","","","12/07/2023 12:00:00 AM","20231116","1","11/15/2024 12:00:00 AM","System.Collections.ObjectModel.Collection`1[System.Management.Automation.PSObject]","9","8","4","28861","24","2","Tuesday","6AM","10PM","491 BAY SHORE BLVD","Truck located approximately 200 linear feet North of the Cortland and Bay Shore Blvd intersection. First parking space next to the yellow zone that clears the tree.","Tacos, Burritos, Quesadillas, Tortas, Nachos, Hot Dogs,Soda, Water, Fruit Drinks","","06:00","22:00","09/17/2012 12:09:30 PM","09/17/2012 12:11:08 PM","N"
"System.Collections.ObjectModel.Collection`1[System.Management.Automation.PSObject]","System.Collections.ObjectModel.Collection`1[System.Management.Automation.PSObject]","Truck","System.Collections.ObjectModel.Collection`1[System.Management.Automation.PSObject]","BAY SHORE BLVD: CORTLAND AVE to WATERLOO ST (491 - 499) -- EAST --","491 BAY SHORE BLVD","5598008","System.Collections.ObjectModel.Collection`1[System.Management.Automation.PSObject]","System.Collections.ObjectModel.Collection`1[System.Management.Automation.PSObject]","23MFF-00047","APPROVED","Tacos: Burritos: Quesadillas: Tortas: Nachos: Hot Dogs:Soda: Water: Fruit Drinks","System.Collections.ObjectModel.Collection`1[System.Management.Automation.PSObject]","System.Collections.ObjectModel.Collection`1[System.Management.Automation.PSObject]","System.Collections.ObjectModel.Collection`1[System.Management.Automation.PSObject]","System.Collections.ObjectModel.Collection`1[System.Management.Automation.PSObject]","http://bsm.sfdpw.org/PermitsTracker/reports/report.aspx?title=schedule&report=rptSchedule&params=permit=23MFF-00047&ExportPDF=1&Filename=23MFF-00047_schedule.pdf","","","12/07/2023 12:00:00 AM","20231116","1","11/15/2024 12:00:00 AM","System.Collections.ObjectModel.Collection`1[System.Management.Automation.PSObject]","","","","","","2","Tuesday","6AM","10PM","491 BAY SHORE BLVD","Truck located approximately 200 linear feet North of the Cortland and Bay Shore Blvd intersection. First parking space next to the yellow zone that clears the tree.","Tacos, Burritos, Quesadillas, Tortas, Nachos, Hot Dogs,Soda, Water, Fruit Drinks","","06:00","22:00","09/17/2012 12:09:30 PM","09/17/2012 12:11:08 PM","N"
"System.Collections.ObjectModel.Collection`1[System.Management.Automation.PSObject]","System.Collections.ObjectModel.Collection`1[System.Management.Automation.PSObject]","Truck","System.Collections.ObjectModel.Collection`1[System.Management.Automation.PSObject]","ALEMANY BLVD: SICKLES AVE to I-280 N ON RAMP \ REGENT ST \ SAN JOSE AVE (3101 - 3155) -- SOUTH --","3119 ALEMANY BLVD","7146002","System.Collections.ObjectModel.Collection`1[System.Management.Automation.PSObject]","System.Collections.ObjectModel.Collection`1[System.Management.Automation.PSObject]","23MFF-00047","APPROVED","Tacos: Burritos: Quesadillas: Tortas: Nachos: Hot Dogs:Soda: Water: Fruit Drinks","System.Collections.ObjectModel.Collection`1[System.Management.Automation.PSObject]","System.Collections.ObjectModel.Collection`1[System.Management.Automation.PSObject]","System.Collections.ObjectModel.Collection`1[System.Management.Automation.PSObject]","System.Collections.ObjectModel.Collection`1[System.Management.Automation.PSObject]","http://bsm.sfdpw.org/PermitsTracker/reports/report.aspx?title=schedule&report=rptSchedule&params=permit=23MFF-00047&ExportPDF=1&Filename=23MFF-00047_schedule.pdf","","","12/07/2023 12:00:00 AM","20231116","1","11/15/2024 12:00:00 AM","System.Collections.ObjectModel.Collection`1[System.Management.Automation.PSObject]","9","7","6","28861","25","2","Tuesday","6AM","10PM","491 BAY SHORE BLVD","Truck located approximately 200 linear feet North of the Cortland and Bay Shore Blvd intersection. First parking space next to the yellow zone that clears the tree.","Tacos, Burritos, Quesadillas, Tortas, Nachos, Hot Dogs,Soda, Water, Fruit Drinks","","06:00","22:00","09/17/2012 12:09:30 PM","09/17/2012 12:11:08 PM","N"
"System.Collections.ObjectModel.Collection`1[System.Management.Automation.PSObject]","System.Collections.ObjectModel.Collection`1[System.Management.Automation.PSObject]","Truck","System.Collections.ObjectModel.Collection`1[System.Management.Automation.PSObject]","25TH ST: ALABAMA ST to HARRISON ST (3042 - 3099)","3065 25TH ST","4271038","System.Collections.ObjectModel.Collection`1[System.Management.Automation.PSObject]","System.Collections.ObjectModel.Collection`1[System.Management.Automation.PSObject]","23MFF-00032","APPROVED","Tacos: burritos: soda & juice","System.Collections.ObjectModel.Collection`1[System.Management.Automation.PSObject]","System.Collections.ObjectModel.Collection`1[System.Management.Automation.PSObject]","System.Collections.ObjectModel.Collection`1[System.Management.Automation.PSObject]","System.Collections.ObjectModel.Collection`1[System.Management.Automation.PSObject]","http://bsm.sfdpw.org/PermitsTracker/reports/report.aspx?title=schedule&report=rptSchedule&params=permit=23MFF-00032&ExportPDF=1&Filename=23MFF-00032_schedule.pdf","","","10/26/2023 12:00:00 AM","20231019","1","11/15/2024 12:00:00 AM","System.Collections.ObjectModel.Collection`1[System.Management.Automation.PSObject]","2","4","7","28859","19","2","Tuesday","7AM","6PM","1455 MARKET ST","Truck located on the Mission St frontage in the first parking space NE of the 11th St and Mission Stintersection.","Tacos, burritos, soda & juice","","07:00","18:00","08/09/2011 09:30:49 AM","07/30/2013 04:34:51 PM","N"
"System.Collections.ObjectModel.Collection`1[System.Management.Automation.PSObject]","System.Collections.ObjectModel.Collection`1[System.Management.Automation.PSObject]","Truck","System.Collections.ObjectModel.Collection`1[System.Management.Automation.PSObject]","FOLSOM ST: 11TH ST to NORFOLK ST (1500 - 1548)","1501 FOLSOM ST","3521058","System.Collections.ObjectModel.Collection`1[System.Management.Automation.PSObject]","System.Collections.ObjectModel.Collection`1[System.Management.Automation.PSObject]","23MFF-00032","APPROVED","Tacos: burritos: soda & juice","System.Collections.ObjectModel.Collection`1[System.Management.Automation.PSObject]","System.Collections.ObjectModel.Collection`1[System.Management.Automation.PSObject]","System.Collections.ObjectModel.Collection`1[System.Management.Automation.PSObject]","System.Collections.ObjectModel.Collection`1[System.Management.Automation.PSObject]","http://bsm.sfdpw.org/PermitsTracker/reports/report.aspx?title=schedule&report=rptSchedule&params=permit=23MFF-00032&ExportPDF=1&Filename=23MFF-00032_schedule.pdf","","","10/26/2023 12:00:00 AM","20231019","1","11/15/2024 12:00:00 AM","System.Collections.ObjectModel.Collection`1[System.Management.Automation.PSObject]","8","2","9","28853","19","2","Tuesday","7AM","6PM","1455 MARKET ST","Truck located on the Mission St frontage in the first parking space NE of the 11th St and Mission Stintersection.","Tacos, burritos, soda & juice","","07:00","18:00","08/09/2011 09:30:49 AM","07/30/2013 04:34:51 PM","N"
"System.Collections.ObjectModel.Collection`1[System.Management.Automation.PSObject]","System.Collections.ObjectModel.Collection`1[System.Management.Automation.PSObject]","Truck","System.Collections.ObjectModel.Collection`1[System.Management.Automation.PSObject]","CESAR CHAVEZ ST: INDIANA ST to IOWA ST (1300 - 1399)","1301 CESAR CHAVEZ ST","4352007","System.Collections.ObjectModel.Collection`1[System.Management.Automation.PSObject]","System.Collections.ObjectModel.Collection`1[System.Management.Automation.PSObject]","23MFF-00031","APPROVED","Tacos: Burritos: Tortas: Quesadillas: Sodas: Chips: Candy","System.Collections.ObjectModel.Collection`1[System.Management.Automation.PSObject]","System.Collections.ObjectModel.Collection`1[System.Management.Automation.PSObject]","System.Collections.ObjectModel.Collection`1[System.Management.Automation.PSObject]","System.Collections.ObjectModel.Collection`1[System.Management.Automation.PSObject]","http://bsm.sfdpw.org/PermitsTracker/reports/report.aspx?title=schedule&report=rptSchedule&params=permit=23MFF-00031&ExportPDF=1&Filename=23MFF-00031_schedule.pdf","","","10/26/2023 12:00:00 AM","20231019","1","11/15/2024 12:00:00 AM","System.Collections.ObjectModel.Collection`1[System.Management.Automation.PSObject]","10","3","8","58","1","2","Tuesday","9AM","5PM","1301 CESAR CHAVEZ ST","Located on Cesar Chavez near the Indiana St intersection","Tacos, Burritos, Tortas, Quesadillas, Sodas, Chips, Candy","","09:00","17:00","09/07/2011 03:54:13 PM","09/07/2011 03:55:05 PM","N"
"System.Collections.ObjectModel.Collection`1[System.Management.Automation.PSObject]","System.Collections.ObjectModel.Collection`1[System.Management.Automation.PSObject]","Truck","System.Collections.ObjectModel.Collection`1[System.Management.Automation.PSObject]","MISSION ST: 10TH ST to 11TH ST (1400 - 1499)","1455 MARKET ST","3507040","System.Collections.ObjectModel.Collection`1[System.Management.Automation.PSObject]","System.Collections.ObjectModel.Collection`1[System.Management.Automation.PSObject]","23MFF-00032","APPROVED","Tacos: burritos: soda & juice","System.Collections.ObjectModel.Collection`1[System.Management.Automation.PSObject]","System.Collections.ObjectModel.Collection`1[System.Management.Automation.PSObject]","System.Collections.ObjectModel.Collection`1[System.Management.Automation.PSObject]","System.Collections.ObjectModel.Collection`1[System.Management.Automation.PSObject]","http://bsm.sfdpw.org/PermitsTracker/reports/report.aspx?title=schedule&report=rptSchedule&params=permit=23MFF-00032&ExportPDF=1&Filename=23MFF-00032_schedule.pdf","","","10/26/2023 12:00:00 AM","20231019","1","11/15/2024 12:00:00 AM","System.Collections.ObjectModel.Collection`1[System.Management.Automation.PSObject]","8","2","9","28853","34","2","Tuesday","7AM","6PM","1455 MARKET ST","Truck located on the Mission St frontage in the first parking space NE of the 11th St and Mission Stintersection.","Tacos, burritos, soda & juice","","07:00","18:00","08/09/2011 09:30:49 AM","07/30/2013 04:34:51 PM","N"
"System.Collections.ObjectModel.Collection`1[System.Management.Automation.PSObject]","System.Collections.ObjectModel.Collection`1[System.Management.Automation.PSObject]","Truck","System.Collections.ObjectModel.Collection`1[System.Management.Automation.PSObject]","MONTGOMERY ST: POST ST to SUTTER ST (1 - 99)","1 MONTGOMERY ST","0292002","System.Collections.ObjectModel.Collection`1[System.Management.Automation.PSObject]","System.Collections.ObjectModel.Collection`1[System.Management.Automation.PSObject]","23MFF-00017","APPROVED","Tacos: burritos: quesadillas","System.Collections.ObjectModel.Collection`1[System.Management.Automation.PSObject]","System.Collections.ObjectModel.Collection`1[System.Management.Automation.PSObject]","System.Collections.ObjectModel.Collection`1[System.Management.Automation.PSObject]","System.Collections.ObjectModel.Collection`1[System.Management.Automation.PSObject]","http://bsm.sfdpw.org/PermitsTracker/reports/report.aspx?title=schedule&report=rptSchedule&params=permit=23MFF-00017&ExportPDF=1&Filename=23MFF-00017_schedule.pdf","","","10/11/2023 12:00:00 AM","20231011","0","11/15/2024 12:00:00 AM","System.Collections.ObjectModel.Collection`1[System.Management.Automation.PSObject]","4","1","10","28854","6","2","Tuesday","3PM","8PM","540 HOWARD ST","Truck located on the North side of Howard St approximately 69 linear feet East of the Howard St and 2nd St intersection.","Tacos, burritos, quesadillas","","15:00","20:00","10/03/2017 02:48:17 PM","10/03/2017 02:49:53 PM","N"
"System.Collections.ObjectModel.Collection`1[System.Management.Automation.PSObject]","System.Collections.ObjectModel.Collection`1[System.Management.Automation.PSObject]","Truck","System.Collections.ObjectModel.Collection`1[System.Management.Automation.PSObject]","HOWARD ST: 01ST ST to MALDEN ALY (500 - 589)","540 HOWARD ST","3721015","System.Collections.ObjectModel.Collection`1[System.Management.Automation.PSObject]","System.Collections.ObjectModel.Collection`1[System.Management.Automation.PSObject]","23MFF-00017","APPROVED","Tacos: burritos: quesadillas","System.Collections.ObjectModel.Collection`1[System.Management.Automation.PSObject]","System.Collections.ObjectModel.Collection`1[System.Management.Automation.PSObject]","System.Collections.ObjectModel.Collection`1[System.Management.Automation.PSObject]","System.Collections.ObjectModel.Collection`1[System.Management.Automation.PSObject]","http://bsm.sfdpw.org/PermitsTracker/reports/report.aspx?title=schedule&report=rptSchedule&params=permit=23MFF-00017&ExportPDF=1&Filename=23MFF-00017_schedule.pdf","","","10/11/2023 12:00:00 AM","20231011","0","11/15/2024 12:00:00 AM","System.Collections.ObjectModel.Collection`1[System.Management.Automation.PSObject]","12","2","9","28855","6","2","Tuesday","3PM","8PM","540 HOWARD ST","Truck located on the North side of Howard St approximately 69 linear feet East of the Howard St and 2nd St intersection.","Tacos, burritos, quesadillas","","15:00","20:00","10/03/2017 02:48:17 PM","10/03/2017 02:49:53 PM","N"
"System.Collections.ObjectModel.Collection`1[System.Management.Automation.PSObject]","System.Collections.ObjectModel.Collection`1[System.Management.Automation.PSObject]","Truck","System.Collections.ObjectModel.Collection`1[System.Management.Automation.PSObject]","14TH ST: FOLSOM ST to SHOTWELL ST (100 - 150)","1800 FOLSOM ST","3549083","System.Collections.ObjectModel.Collection`1[System.Management.Automation.PSObject]","System.Collections.ObjectModel.Collection`1[System.Management.Automation.PSObject]","23MFF-00034","APPROVED","Tacos: Burritos: Quesadillas: Tortas","System.Collections.ObjectModel.Collection`1[System.Management.Automation.PSObject]","System.Collections.ObjectModel.Collection`1[System.Management.Automation.PSObject]","System.Collections.ObjectModel.Collection`1[System.Management.Automation.PSObject]","System.Collections.ObjectModel.Collection`1[System.Management.Automation.PSObject]","http://bsm.sfdpw.org/PermitsTracker/reports/report.aspx?title=schedule&report=rptSchedule&params=permit=23MFF-00034&ExportPDF=1&Filename=23MFF-00034_schedule.pdf","","","11/06/2023 12:00:00 AM","20231023","0","11/15/2024 12:00:00 AM","System.Collections.ObjectModel.Collection`1[System.Management.Automation.PSObject]","8","4","7","28853","19","2","Tuesday","10AM","6PM","1800 FOLSOM ST","Truck located on the south side of 14th St, approximately 98 feet west of Folsom St","Tacos, Burritos, Quesadillas, Tortas","","10:00","18:00","12/11/2020 02:53:47 PM","12/11/2020 02:54:35 PM","N"
"System.Collections.ObjectModel.Collection`1[System.Management.Automation.PSObject]","System.Collections.ObjectModel.Collection`1[System.Management.Automation.PSObject]","Truck","System.Collections.ObjectModel.Collection`1[System.Management.Automation.PSObject]","14TH ST: FOLSOM ST to SHOTWELL ST (100 - 150)","1800 FOLSOM ST","3549083","System.Collections.ObjectModel.Collection`1[System.Management.Automation.PSObject]","System.Collections.ObjectModel.Collection`1[System.Management.Automation.PSObject]","23MFF-00034","APPROVED","Tacos: Burritos: Quesadillas: Tortas","System.Collections.ObjectModel.Collection`1[System.Management.Automation.PSObject]","System.Collections.ObjectModel.Collection`1[System.Management.Automation.PSObject]","System.Collections.ObjectModel.Collection`1[System.Management.Automation.PSObject]","System.Collections.ObjectModel.Collection`1[System.Management.Automation.PSObject]","http://bsm.sfdpw.org/PermitsTracker/reports/report.aspx?title=schedule&report=rptSchedule&params=permit=23MFF-00034&ExportPDF=1&Filename=23MFF-00034_schedule.pdf","","","11/06/2023 12:00:00 AM","20231023","0","11/15/2024 12:00:00 AM","System.Collections.ObjectModel.Collection`1[System.Management.Automation.PSObject]","8","4","7","28853","19","2","Tuesday","10AM","6PM","1800 FOLSOM ST","Truck located on the east side of Shotwell St, approximately 15 feet south of 14th St.","Tacos, Burritos, Quesadillas, Tortas","","10:00","18:00","12/11/2020 12:22:23 PM","12/11/2020 12:23:04 PM","N"
"System.Collections.ObjectModel.Collection`1[System.Management.Automation.PSObject]","System.Collections.ObjectModel.Collection`1[System.Management.Automation.PSObject]","Truck","System.Collections.ObjectModel.Collection`1[System.Management.Automation.PSObject]","SHOTWELL ST: 14TH ST to 15TH ST (1 - 99)","1800 FOLSOM ST","3549083","System.Collections.ObjectModel.Collection`1[System.Management.Automation.PSObject]","System.Collections.ObjectModel.Collection`1[System.Management.Automation.PSObject]","23MFF-00034","APPROVED","Tacos: Burritos: Quesadillas: Tortas","System.Collections.ObjectModel.Collection`1[System.Management.Automation.PSObject]","System.Collections.ObjectModel.Collection`1[System.Management.Automation.PSObject]","System.Collections.ObjectModel.Collection`1[System.Management.Automation.PSObject]","System.Collections.ObjectModel.Collection`1[System.Management.Automation.PSObject]","http://bsm.sfdpw.org/PermitsTracker/reports/report.aspx?title=schedule&report=rptSchedule&params=permit=23MFF-00034&ExportPDF=1&Filename=23MFF-00034_schedule.pdf","","","11/06/2023 12:00:00 AM","20231023","0","11/15/2024 12:00:00 AM","System.Collections.ObjectModel.Collection`1[System.Management.Automation.PSObject]","8","4","7","28853","19","2","Tuesday","10AM","6PM","1800 FOLSOM ST","Truck located on the south side of 14th St, approximately 98 feet west of Folsom St","Tacos, Burritos, Quesadillas, Tortas","","10:00","18:00","12/11/2020 02:53:47 PM","12/11/2020 02:54:35 PM","N"
"System.Collections.ObjectModel.Collection`1[System.Management.Automation.PSObject]","System.Collections.ObjectModel.Collection`1[System.Management.Automation.PSObject]","Truck","System.Collections.ObjectModel.Collection`1[System.Management.Automation.PSObject]","SHOTWELL ST: 14TH ST to 15TH ST (1 - 99)","1800 FOLSOM ST","3549083","System.Collections.ObjectModel.Collection`1[System.Management.Automation.PSObject]","System.Collections.ObjectModel.Collection`1[System.Management.Automation.PSObject]","23MFF-00034","APPROVED","Tacos: Burritos: Quesadillas: Tortas","System.Collections.ObjectModel.Collection`1[System.Management.Automation.PSObject]","System.Collections.ObjectModel.Collection`1[System.Management.Automation.PSObject]","System.Collections.ObjectModel.Collection`1[System.Management.Automation.PSObject]","System.Collections.ObjectModel.Collection`1[System.Management.Automation.PSObject]","http://bsm.sfdpw.org/PermitsTracker/reports/report.aspx?title=schedule&report=rptSchedule&params=permit=23MFF-00034&ExportPDF=1&Filename=23MFF-00034_schedule.pdf","","","11/06/2023 12:00:00 AM","20231023","0","11/15/2024 12:00:00 AM","System.Collections.ObjectModel.Collection`1[System.Management.Automation.PSObject]","8","4","7","28853","19","2","Tuesday","10AM","6PM","1800 FOLSOM ST","Truck located on the east side of Shotwell St, approximately 15 feet south of 14th St.","Tacos, Burritos, Quesadillas, Tortas","","10:00","18:00","12/11/2020 12:22:23 PM","12/11/2020 12:23:04 PM","N"
"System.Collections.ObjectModel.Collection`1[System.Management.Automation.PSObject]","System.Collections.ObjectModel.Collection`1[System.Management.Automation.PSObject]","Truck","System.Collections.ObjectModel.Collection`1[System.Management.Automation.PSObject]","04TH ST: MISSION BAY BLVD to NELSON RISING LN (1400 - 1499)","1420 04TH ST","8716001","System.Collections.ObjectModel.Collection`1[System.Management.Automation.PSObject]","System.Collections.ObjectModel.Collection`1[System.Management.Automation.PSObject]","23MFF-00015","APPROVED","Cold truck: sandwiches: salads: beverages: chips: candy: cookies: coffee: tea: drinks","System.Collections.ObjectModel.Collection`1[System.Management.Automation.PSObject]","System.Collections.ObjectModel.Collection`1[System.Management.Automation.PSObject]","System.Collections.ObjectModel.Collection`1[System.Management.Automation.PSObject]","System.Collections.ObjectModel.Collection`1[System.Management.Automation.PSObject]","http://bsm.sfdpw.org/PermitsTracker/reports/report.aspx?title=schedule&report=rptSchedule&params=permit=23MFF-00015&ExportPDF=1&Filename=23MFF-00015_schedule.pdf","","","10/12/2023 12:00:00 AM","20231004","1","11/15/2024 12:00:00 AM","System.Collections.ObjectModel.Collection`1[System.Management.Automation.PSObject]","14","3","9","310","20","2","Tuesday","9AM","4PM","400 PARNASSUS AVE","Set-up at 500 Parnassus Ave: 9:30am-4:00pm","Cold truck: sandwiches, salads, beverages, chips, candy, cookies, coffee, tea, drinks","","09:00","16:00","05/13/2011 01:39:19 PM","05/13/2011 01:39:42 PM","N"
"System.Collections.ObjectModel.Collection`1[System.Management.Automation.PSObject]","System.Collections.ObjectModel.Collection`1[System.Management.Automation.PSObject]","Truck","System.Collections.ObjectModel.Collection`1[System.Management.Automation.PSObject]","MARIN ST: KANSAS ST to HWY 101 N ON RAMP (2500 - 2599)","2590 MARIN ST","4339008","System.Collections.ObjectModel.Collection`1[System.Management.Automation.PSObject]","System.Collections.ObjectModel.Collection`1[System.Management.Automation.PSObject]","23MFF-00015","APPROVED","Cold truck: sandwiches: salads: beverages: chips: candy: cookies: coffee: tea: drinks","System.Collections.ObjectModel.Collection`1[System.Management.Automation.PSObject]","System.Collections.ObjectModel.Collection`1[System.Management.Automation.PSObject]","System.Collections.ObjectModel.Collection`1[System.Management.Automation.PSObject]","System.Collections.ObjectModel.Collection`1[System.Management.Automation.PSObject]","http://bsm.sfdpw.org/PermitsTracker/reports/report.aspx?title=schedule&report=rptSchedule&params=permit=23MFF-00015&ExportPDF=1&Filename=23MFF-00015_schedule.pdf","","","10/12/2023 12:00:00 AM","20231004","1","11/15/2024 12:00:00 AM","System.Collections.ObjectModel.Collection`1[System.Management.Automation.PSObject]","10","3","8","58","1","2","Tuesday","9AM","4PM","400 PARNASSUS AVE","Set-up at 500 Parnassus Ave: 9:30am-4:00pm","Cold truck: sandwiches, salads, beverages, chips, candy, cookies, coffee, tea, drinks","","09:00","16:00","05/13/2011 01:39:19 PM","05/13/2011 01:39:42 PM","N"
"System.Collections.ObjectModel.Collection`1[System.Management.Automation.PSObject]","System.Collections.ObjectModel.Collection`1[System.Management.Automation.PSObject]","Truck","System.Collections.ObjectModel.Collection`1[System.Management.Automation.PSObject]","PARNASSUS AVE: HILLWAY AVE to 03RD AVE (400 - 599)","400 PARNASSUS AVE","1756001","System.Collections.ObjectModel.Collection`1[System.Management.Automation.PSObject]","System.Collections.ObjectModel.Collection`1[System.Management.Automation.PSObject]","23MFF-00015","APPROVED","Cold truck: sandwiches: salads: beverages: chips: candy: cookies: coffee: tea: drinks","System.Collections.ObjectModel.Collection`1[System.Management.Automation.PSObject]","System.Collections.ObjectModel.Collection`1[System.Management.Automation.PSObject]","System.Collections.ObjectModel.Collection`1[System.Management.Automation.PSObject]","System.Collections.ObjectModel.Collection`1[System.Management.Automation.PSObject]","http://bsm.sfdpw.org/PermitsTracker/reports/report.aspx?title=schedule&report=rptSchedule&params=permit=23MFF-00015&ExportPDF=1&Filename=23MFF-00015_schedule.pdf","","","10/12/2023 12:00:00 AM","20231004","1","11/15/2024 12:00:00 AM","System.Collections.ObjectModel.Collection`1[System.Management.Automation.PSObject]","15","5","11","56","12","2","Tuesday","9AM","4PM","400 PARNASSUS AVE","Set-up at 500 Parnassus Ave: 9:30am-4:00pm","Cold truck: sandwiches, salads, beverages, chips, candy, cookies, coffee, tea, drinks","","09:00","16:00","05/13/2011 01:39:19 PM","05/13/2011 01:39:42 PM","N"
"System.Collections.ObjectModel.Collection`1[System.Management.Automation.PSObject]","System.Collections.ObjectModel.Collection`1[System.Management.Automation.PSObject]","Truck","System.Collections.ObjectModel.Collection`1[System.Management.Automation.PSObject]","03RD ST: MISSION BAY BLVD to WARRIORS WAY (1401 - 1599) -- EAST --","1501 03RD ST","8720013","System.Collections.ObjectModel.Collection`1[System.Management.Automation.PSObject]","System.Collections.ObjectModel.Collection`1[System.Management.Automation.PSObject]","23MFF-00015","APPROVED","Cold truck: sandwiches: salads: beverages: chips: candy: cookies: coffee: tea: drinks","System.Collections.ObjectModel.Collection`1[System.Management.Automation.PSObject]","System.Collections.ObjectModel.Collection`1[System.Management.Automation.PSObject]","System.Collections.ObjectModel.Collection`1[System.Management.Automation.PSObject]","System.Collections.ObjectModel.Collection`1[System.Management.Automation.PSObject]","http://bsm.sfdpw.org/PermitsTracker/reports/report.aspx?title=schedule&report=rptSchedule&params=permit=23MFF-00015&ExportPDF=1&Filename=23MFF-00015_schedule.pdf","","","10/12/2023 12:00:00 AM","20231004","1","11/15/2024 12:00:00 AM","System.Collections.ObjectModel.Collection`1[System.Management.Automation.PSObject]","14","3","9","310","20","2","Tuesday","9AM","4PM","400 PARNASSUS AVE","Set-up at 500 Parnassus Ave: 9:30am-4:00pm","Cold truck: sandwiches, salads, beverages, chips, candy, cookies, coffee, tea, drinks","","09:00","16:00","05/13/2011 01:39:19 PM","05/13/2011 01:39:42 PM","N"
